site_name,site_key,cache_file,rows,unique_checklists,unique_group_ids,unique_species,first_date,last_date
Amelia,amelia,data_processed/caches/amelia_checklists_cache.rds,12478,565,64,176,2003-03-15,2026-02-28
Arch of the Nottoway,arch_of_the_nottoway,data_processed/caches/arch_of_the_nottoway_checklists_cache.rds,25,2,0,24,2025-08-04,2025-08-05
Balthrope Marsh,balthrope_marsh,data_processed/caches/balthrope_marsh_checklists_cache.rds,0,0,0,0,NA,NA
Bear Garden,bear_garden,data_processed/caches/bear_garden_checklists_cache.rds,554,20,1,96,2012-04-28,2024-08-20
Big Survey,big_survey,data_processed/caches/big_survey_checklists_cache.rds,715,87,4,87,2003-07-26,2026-02-21
Big Woods,big_woods,data_processed/caches/big_woods_checklists_cache.rds,3142,243,40,118,2012-02-18,2026-02-14
Briery Creek,briery_creek,data_processed/caches/briery_creek_checklists_cache.rds,30265,2120,207,247,2002-05-07,2026-02-28
Brookneal,brookneal,data_processed/caches/brookneal_checklists_cache.rds,364,35,8,70,2017-03-19,2025-07-26
Buller,buller,data_processed/caches/buller_checklists_cache.rds,2980,233,52,122,2013-07-09,2026-02-28
C.F. Phelps,c_f_phelps,data_processed/caches/c_f_phelps_checklists_cache.rds,11738,593,82,196,2002-05-05,2025-09-16
Cavalier,cavalier,data_processed/caches/cavalier_checklists_cache.rds,6708,349,30,170,2008-05-16,2026-01-19
Chickahominy,chickahominy,data_processed/caches/chickahominy_checklists_cache.rds,4350,354,18,149,2004-05-11,2026-02-26
Clinch Mountian,clinch_mountian,data_processed/caches/clinch_mountian_checklists_cache.rds,3409,293,56,173,2002-05-25,2026-01-06
Coastal Forest,coastal_forest,data_processed/caches/coastal_forest_checklists_cache.rds,48,7,2,22,2008-04-21,2025-05-03
Coastal Forest - Lower Accomack,coastal_forest_lower_accomack,data_processed/caches/coastal_forest_lower_accomack_checklists_cache.rds,26,6,0,25,2018-06-25,2026-01-03
Coastal Forest - Mid Accomack,coastal_forest_mid_accomack,data_processed/caches/coastal_forest_mid_accomack_checklists_cache.rds,1,1,0,1,2016-02-29,2016-02-29
Coastal Forest - Upper Accomack,coastal_forest_upper_accomack,data_processed/caches/coastal_forest_upper_accomack_checklists_cache.rds,502,22,4,94,2016-05-24,2026-01-05
Copper Creek,copper_creek,data_processed/caches/copper_creek_checklists_cache.rds,116,7,2,37,2022-10-17,2025-04-27
Coursey Springs Fish Culture Center,coursey_springs_fish_culture_center,data_processed/caches/coursey_springs_fish_culture_center_checklists_cache.rds,692,39,4,110,2002-09-28,2025-09-13
Crooked Creek,crooked_creek,data_processed/caches/crooked_creek_checklists_cache.rds,1460,103,8,114,2003-04-28,2025-09-21
Dick Cross,dick_cross,data_processed/caches/dick_cross_checklists_cache.rds,43898,1545,409,237,2003-09-17,2026-02-28
Doe Creek,doe_creek,data_processed/caches/doe_creek_checklists_cache.rds,789,41,9,143,2015-02-27,2026-01-03
Fairystone Farms,fairystone_farms,data_processed/caches/fairystone_farms_checklists_cache.rds,2750,136,21,140,2003-06-10,2025-10-13
Featherfin,featherfin,data_processed/caches/featherfin_checklists_cache.rds,1290,89,8,115,2010-10-11,2025-11-23
Flippo-Gentry,flippo_gentry,data_processed/caches/flippo_gentry_checklists_cache.rds,1044,72,13,99,2009-06-17,2026-02-17
Front Royal Fish Culture Center,front_royal_fish_culture_center,data_processed/caches/front_royal_fish_culture_center_checklists_cache.rds,672,50,1,83,2012-03-20,2025-06-17
Game Farm Marsh,game_farm_marsh,data_processed/caches/game_farm_marsh_checklists_cache.rds,59,5,0,42,2016-01-13,2026-01-06
Gathright,gathright,data_processed/caches/gathright_checklists_cache.rds,1302,77,12,106,2009-05-27,2025-05-23
Goochland Marsh,goochland_marsh,data_processed/caches/goochland_marsh_checklists_cache.rds,35,3,0,31,2018-05-11,2025-05-25
Goshen,goshen,data_processed/caches/goshen_checklists_cache.rds,1055,78,1,102,2009-04-18,2026-01-18
Greensprings,greensprings,data_processed/caches/greensprings_checklists_cache.rds,2036,84,3,114,2016-01-01,2026-01-08
Guinea Marsh,guinea_marsh,data_processed/caches/guinea_marsh_checklists_cache.rds,198,14,0,69,2015-04-01,2023-09-05
Hardware River,hardware_river,data_processed/caches/hardware_river_checklists_cache.rds,4206,184,28,149,2002-06-06,2026-02-20
Havens,havens,data_processed/caches/havens_checklists_cache.rds,402,27,4,78,2007-05-24,2025-04-20
Hidden Valley,hidden_valley,data_processed/caches/hidden_valley_checklists_cache.rds,2513,155,24,137,2002-05-28,2025-12-06
Highland,highland,data_processed/caches/highland_checklists_cache.rds,4101,230,42,142,2003-06-08,2025-09-27
Hog Island,hog_island,data_processed/caches/hog_island_checklists_cache.rds,86986,2327,335,309,2002-08-19,2026-02-21
Horsepen Lake,horsepen_lake,data_processed/caches/horsepen_lake_checklists_cache.rds,920,74,12,102,2003-03-06,2026-02-08
James River,james_river,data_processed/caches/james_river_checklists_cache.rds,643,44,7,102,2012-07-14,2026-02-10
Johnson Marsh,johnson_marsh,data_processed/caches/johnson_marsh_checklists_cache.rds,0,0,0,0,NA,NA
Jones Cove,jones_cove,data_processed/caches/jones_cove_checklists_cache.rds,153,15,1,79,2007-05-03,2024-05-18
King and Queen,king_and_queen,data_processed/caches/king_and_queen_checklists_cache.rds,493,36,8,85,2014-06-14,2025-05-19
Kittewan,kittewan,data_processed/caches/kittewan_checklists_cache.rds,5,1,0,5,2005-09-05,2005-09-05
Lake Frederick,lake_frederick,data_processed/caches/lake_frederick_checklists_cache.rds,67945,4451,482,248,2007-04-21,2026-02-28
Lake Robertson,lake_robertson,data_processed/caches/lake_robertson_checklists_cache.rds,2430,152,19,138,2005-05-02,2026-01-17
Lake Shenandoah,lake_shenandoah,data_processed/caches/lake_shenandoah_checklists_cache.rds,126735,6965,395,252,2002-04-27,2026-02-28
Land's End,land_s_end,data_processed/caches/land_s_end_checklists_cache.rds,2059,115,19,151,2007-01-14,2026-02-18
Lawnes Creek,lawnes_creek,data_processed/caches/lawnes_creek_checklists_cache.rds,1870,135,22,159,2007-02-04,2025-12-28
Little North Mountain,little_north_mountain,data_processed/caches/little_north_mountain_checklists_cache.rds,3183,203,10,152,2009-02-19,2026-02-17
Massanutten,massanutten,data_processed/caches/massanutten_checklists_cache.rds,0,0,0,0,NA,NA
Mattaponi,mattaponi,data_processed/caches/mattaponi_checklists_cache.rds,3133,163,24,131,2013-05-09,2026-01-19
Mattaponi Bluffs,mattaponi_bluffs,data_processed/caches/mattaponi_bluffs_checklists_cache.rds,547,26,2,93,2020-04-17,2025-06-02
Merrimac Farm,merrimac_farm,data_processed/caches/merrimac_farm_checklists_cache.rds,21422,926,106,188,2005-09-04,2026-02-13
Mockhorn,mockhorn,data_processed/caches/mockhorn_checklists_cache.rds,225,12,2,68,2010-10-10,2024-02-01
Montebello Fish Cultural Center,montebello_fish_cultural_center,data_processed/caches/montebello_fish_cultural_center_checklists_cache.rds,647,40,7,78,2008-10-30,2024-05-19
Nottoway River,nottoway_river,data_processed/caches/nottoway_river_checklists_cache.rds,512,36,4,87,2014-10-26,2026-02-19
Oakley Forest,oakley_forest,data_processed/caches/oakley_forest_checklists_cache.rds,126,13,2,58,2020-05-09,2025-04-01
Paint Bank Trout,paint_bank_trout,data_processed/caches/paint_bank_trout_checklists_cache.rds,246,28,6,56,2017-06-24,2025-06-10
Pettigrew,pettigrew,data_processed/caches/pettigrew_checklists_cache.rds,2149,130,14,129,2004-08-14,2026-01-19
Piney Mountain,piney_mountain,data_processed/caches/piney_mountain_checklists_cache.rds,0,0,0,0,NA,NA
Powhatan,powhatan,data_processed/caches/powhatan_checklists_cache.rds,14610,718,87,172,2002-10-26,2026-01-05
Princess Anne,princess_anne,data_processed/caches/princess_anne_checklists_cache.rds,64652,2517,358,271,2002-02-13,2026-02-25
Ragged Island,ragged_island,data_processed/caches/ragged_island_checklists_cache.rds,8165,612,60,202,2005-02-12,2026-02-21
Rapidan,rapidan,data_processed/caches/rapidan_checklists_cache.rds,825,63,4,112,2010-05-12,2025-10-11
Robert W. Duncan,robert_w_duncan,data_processed/caches/robert_w_duncan_checklists_cache.rds,951,39,1,110,2019-06-25,2025-04-22
Saxis,saxis,data_processed/caches/saxis_checklists_cache.rds,7134,501,99,214,2003-05-30,2026-02-13
Short Hills,short_hills,data_processed/caches/short_hills_checklists_cache.rds,166,11,3,47,2007-06-04,2023-01-07
Smith Mountain Cooperative,smith_mountain_cooperative,data_processed/caches/smith_mountain_cooperative_checklists_cache.rds,926,51,8,102,2016-12-31,2025-12-28
Stewarts Creek,stewarts_creek,data_processed/caches/stewarts_creek_checklists_cache.rds,3,1,0,3,2022-07-25,2022-07-25
Thompson,thompson,data_processed/caches/thompson_checklists_cache.rds,60771,2699,377,189,2002-05-03,2026-02-13
Turkeycock Mountain,turkeycock_mountain,data_processed/caches/turkeycock_mountain_checklists_cache.rds,569,39,4,91,2010-04-03,2025-06-25
Tye River,tye_river,data_processed/caches/tye_river_checklists_cache.rds,35,7,2,16,2024-04-25,2024-10-19
Vic Thomas Striped Bass,vic_thomas_striped_bass,data_processed/caches/vic_thomas_striped_bass_checklists_cache.rds,96,8,2,53,2016-05-28,2022-04-15
Ware Creek,ware_creek,data_processed/caches/ware_creek_checklists_cache.rds,1086,63,5,136,2016-08-14,2026-01-30
Weston,weston,data_processed/caches/weston_checklists_cache.rds,1553,69,9,120,2010-06-14,2025-09-18
White Oak Mountain,white_oak_mountain,data_processed/caches/white_oak_mountain_checklists_cache.rds,4992,252,16,147,2002-12-28,2026-02-11
Woodvale Wetlands,woodvale_wetlands,data_processed/caches/woodvale_wetlands_checklists_cache.rds,0,0,0,0,NA,NA
Wytheville Trout,wytheville_trout,data_processed/caches/wytheville_trout_checklists_cache.rds,5,1,0,5,2025-07-22,2025-07-22
